ProductKey,CustomerKey,SalesTerritoryKey,OrderQuantity,OrderDate,DueDate,ShipDate
344,11000,9,14,22-07-2021,03-08-2021,29-07-2021
353,11000,9,1,22-07-2022,03-08-2022,29-07-2022
485,11000,9,1,22-07-2022,03-08-2022,29-07-2022
573,11000,9,1,04-11-2022,16-11-2022,11-11-2022
541,11000,9,1,04-11-2022,16-11-2022,11-11-2022
530,11000,9,1,04-11-2022,16-11-2022,11-11-2022
214,11000,9,1,04-11-2022,16-11-2022,11-11-2022
488,11000,9,1,04-11-2022,16-11-2022,11-11-2022
350,11001,9,1,18-07-2021,30-07-2021,25-07-2021
353,11001,9,1,20-07-2022,01-08-2022,27-07-2022
485,11001,9,1,20-07-2022,01-08-2022,27-07-2022
477,11001,9,1,20-07-2022,01-08-2022,27-07-2022
478,11001,9,1,20-07-2022,01-08-2022,27-07-2022
491,11001,9,1,20-07-2022,01-08-2022,27-07-2022
225,11001,9,1,20-07-2022,01-08-2022,27-07-2022
604,11001,9,1,12-06-2022,24-06-2022,19-06-2022
477,11001,9,1,12-06-2022,24-06-2022,19-06-2022
479,11001,9,1,12-06-2022,24-06-2022,19-06-2022
217,11001,9,1,12-06-2022,24-06-2022,19-06-2022
346,11002,9,1,10-07-2021,22-07-2021,17-07-2021
359,11002,9,1,04-07-2022,16-07-2022,11-07-2022
561,11002,9,1,27-08-2022,08-09-2022,03-09-2022
222,11002,9,1,27-08-2022,08-09-2022,03-09-2022
346,11003,9,1,01-07-2021,13-07-2021,08-07-2021
361,11003,9,1,09-07-2022,21-07-2022,16-07-2022
478,11003,9,1,09-07-2022,21-07-2022,16-07-2022
477,11003,9,10,09-07-2022,21-07-2022,16-07-2022
225,11003,9,10,09-07-2022,21-07-2022,16-07-2022
564,11003,9,12,11-11-2022,23-11-2022,18-11-2022
541,11003,9,3,11-11-2022,23-11-2022,18-11-2022
530,11003,9,5,11-11-2022,23-11-2022,18-11-2022
480,11003,9,8,11-11-2022,23-11-2022,18-11-2022
345,11004,9,8,26-07-2021,07-08-2021,02-08-2021
355,11004,9,19,26-07-2022,07-08-2022,02-08-2022
485,11004,9,3,26-07-2022,07-08-2022,02-08-2022
214,11004,9,3,26-07-2022,07-08-2022,02-08-2022
562,11004,9,2,02-11-2022,14-11-2022,09-11-2022
217,11004,9,4,02-11-2022,14-11-2022,09-11-2022
351,11005,9,19,02-07-2021,14-07-2021,09-07-2021
355,11005,9,1,27-07-2022,08-08-2022,03-08-2022
537,11005,9,16,27-07-2022,08-08-2022,03-08-2022
528,11005,9,16,27-07-2022,08-08-2022,03-08-2022
480,11005,9,1,27-07-2022,08-08-2022,03-08-2022
562,11005,9,18,03-11-2022,15-11-2022,10-11-2022
346,11006,9,9,27-07-2021,08-08-2021,03-08-2021
357,11006,9,1,02-07-2022,14-07-2022,09-07-2022
478,11006,9,7,02-07-2022,14-07-2022,09-07-2022
477,11006,9,11,02-07-2022,14-07-2022,09-07-2022
562,11006,9,13,15-11-2022,27-11-2022,22-11-2022
347,11007,9,7,12-07-2021,24-07-2021,19-07-2021
361,11007,9,20,25-07-2022,06-08-2022,01-08-2022
528,11007,9,2,25-07-2022,06-08-2022,01-08-2022
537,11007,9,15,25-07-2022,06-08-2022,01-08-2022
485,11007,9,1,25-07-2022,06-08-2022,01-08-2022
222,11007,9,10,25-07-2022,06-08-2022,01-08-2022
564,11007,9,10,20-09-2022,02-10-2022,27-09-2022
214,11007,9,5,20-09-2022,02-10-2022,27-09-2022
348,11008,9,7,28-07-2021,09-08-2021,04-08-2021
361,11008,9,9,07-07-2022,19-07-2022,14-07-2022
477,11008,9,2,07-07-2022,19-07-2022,14-07-2022
478,11008,9,8,07-07-2022,19-07-2022,14-07-2022
480,11008,9,4,07-07-2022,19-07-2022,14-07-2022
561,11008,9,14,03-09-2022,15-09-2022,10-09-2022
214,11008,9,9,03-09-2022,15-09-2022,10-09-2022
350,11009,9,16,30-07-2021,11-08-2021,06-08-2021
359,11009,9,11,24-07-2022,05-08-2022,31-07-2022
480,11009,9,17,24-07-2022,05-08-2022,31-07-2022
575,11009,9,9,10-11-2022,22-11-2022,17-11-2022
217,11009,9,4,10-11-2022,22-11-2022,17-11-2022
346,11010,9,10,17-07-2021,29-07-2021,24-07-2021
361,11010,9,18,15-07-2022,27-07-2022,22-07-2022
575,11010,9,19,24-11-2022,06-12-2022,01-12-2022
225,11010,9,20,24-11-2022,06-12-2022,01-12-2022
344,11011,9,8,02-07-2021,14-07-2021,09-07-2021
361,11011,9,10,29-07-2022,10-08-2022,05-08-2022
574,11011,9,14,20-09-2022,02-10-2022,27-09-2022
489,11011,9,9,20-09-2022,02-10-2022,27-09-2022
537,11012,1,11,17-09-2022,29-09-2022,24-09-2022
528,11012,1,15,17-09-2022,29-09-2022,24-09-2022
217,11012,1,18,17-09-2022,29-09-2022,24-09-2022
529,11012,1,3,17-04-2022,29-04-2022,24-04-2022
480,11012,1,14,17-04-2022,29-04-2022,24-04-2022
529,11013,1,11,15-10-2022,27-10-2022,22-10-2022
217,11013,1,6,15-10-2022,27-10-2022,22-10-2022
537,11013,1,12,24-07-2022,05-08-2022,31-07-2022
528,11013,1,9,24-07-2022,05-08-2022,31-07-2022
222,11013,1,14,24-07-2022,05-08-2022,31-07-2022
529,11014,1,19,24-09-2022,06-10-2022,01-10-2022
217,11014,1,16,24-09-2022,06-10-2022,01-10-2022
537,11014,1,10,01-11-2022,13-11-2022,08-11-2022
528,11014,1,2,01-11-2022,13-11-2022,08-11-2022
217,11014,1,18,01-11-2022,13-11-2022,08-11-2022
465,11014,1,10,01-11-2022,13-11-2022,08-11-2022
353,11015,4,15,22-07-2022,03-08-2022,29-07-2022
485,11015,4,10,22-07-2022,03-08-2022,29-07-2022
486,11015,4,10,22-07-2022,03-08-2022,29-07-2022
363,11016,4,10,13-08-2022,25-08-2022,20-08-2022
537,11016,4,11,13-08-2022,25-08-2022,20-08-2022
480,11016,4,6,13-08-2022,25-08-2022,20-08-2022
350,11017,9,17,15-07-2021,27-07-2021,22-07-2021
363,11017,9,11,05-07-2022,17-07-2022,12-07-2022
485,11017,9,15,05-07-2022,17-07-2022,12-07-2022
569,11017,9,7,16-04-2022,28-04-2022,23-04-2022
345,11018,9,20,20-07-2021,01-08-2021,27-07-2021
353,11018,9,13,20-07-2022,01-08-2022,27-07-2022
485,11018,9,1,20-07-2022,01-08-2022,27-07-2022
569,11018,9,4,26-04-2022,08-05-2022,03-05-2022
479,11018,9,8,26-04-2022,08-05-2022,03-05-2022
477,11018,9,10,26-04-2022,08-05-2022,03-05-2022
222,11018,9,1,26-04-2022,08-05-2022,03-05-2022
529,11019,6,12,16-08-2022,28-08-2022,23-08-2022
539,11019,6,17,16-08-2022,28-08-2022,23-08-2022
482,11019,6,7,16-08-2022,28-08-2022,23-08-2022
491,11019,6,5,05-09-2022,17-09-2022,12-09-2022
529,11019,6,9,14-09-2022,26-09-2022,21-09-2022
222,11019,6,3,14-09-2022,26-09-2022,21-09-2022
482,11019,6,14,14-09-2022,26-09-2022,21-09-2022
479,11019,6,1,30-10-2022,11-11-2022,06-11-2022
530,11019,6,10,09-11-2022,21-11-2022,16-11-2022
480,11019,6,9,09-11-2022,21-11-2022,16-11-2022
539,11019,6,12,26-11-2022,08-12-2022,03-12-2022
529,11019,6,6,26-11-2022,08-12-2022,03-12-2022
483,11019,6,20,26-11-2022,08-12-2022,03-12-2022
537,11019,6,1,24-01-2022,05-02-2022,31-01-2022
480,11019,6,18,24-01-2022,05-02-2022,31-01-2022
480,11019,6,4,23-02-2022,06-03-2022,01-03-2022
535,11019,6,13,11-03-2022,23-03-2022,18-03-2022
538,11019,6,20,22-03-2022,03-04-2022,29-03-2022
480,11019,6,4,22-03-2022,03-04-2022,29-03-2022
536,11019,6,16,19-04-2022,01-05-2022,26-04-2022
528,11019,6,19,19-04-2022,01-05-2022,26-04-2022
480,11019,6,5,19-04-2022,01-05-2022,26-04-2022
214,11019,6,4,28-04-2022,10-05-2022,05-05-2022
228,11019,6,9,01-06-2022,13-06-2022,08-06-2022
463,11019,6,10,01-06-2022,13-06-2022,08-06-2022
541,11019,6,19,02-06-2022,14-06-2022,09-06-2022
530,11019,6,10,02-06-2022,14-06-2022,09-06-2022
475,11019,6,16,12-06-2022,24-06-2022,19-06-2022
491,11019,6,11,12-06-2022,24-06-2022,19-06-2022
483,11019,6,18,14-07-2022,26-07-2022,21-07-2022
530,11019,6,12,15-07-2022,27-07-2022,22-07-2022
222,11019,6,8,15-07-2022,27-07-2022,22-07-2022
467,11019,6,5,15-07-2022,27-07-2022,22-07-2022
363,11020,6,10,02-07-2022,14-07-2022,09-07-2022
485,11020,6,18,02-07-2022,14-07-2022,09-07-2022
363,11021,1,20,27-07-2022,08-08-2022,03-08-2022
485,11021,1,3,27-07-2022,08-08-2022,03-08-2022
487,11021,1,4,27-07-2022,08-08-2022,03-08-2022
353,11022,1,5,24-07-2022,05-08-2022,31-07-2022
480,11022,1,14,24-07-2022,05-08-2022,31-07-2022
537,11023,4,8,21-08-2022,02-09-2022,28-08-2022
528,11023,4,3,21-08-2022,02-09-2022,28-08-2022
485,11023,4,8,21-08-2022,02-09-2022,28-08-2022
490,11023,4,3,21-08-2022,02-09-2022,28-08-2022
529,11023,4,12,17-07-2022,29-07-2022,24-07-2022
480,11023,4,11,17-07-2022,29-07-2022,24-07-2022
528,11024,4,11,29-12-2022,10-01-2022,05-01-2022
537,11024,4,5,29-12-2022,10-01-2022,05-01-2022
480,11024,4,2,29-12-2022,10-01-2022,05-01-2022
529,11024,4,14,27-01-2022,08-02-2022,03-02-2022
480,11024,4,19,27-01-2022,08-02-2022,03-02-2022
484,11024,4,7,27-01-2022,08-02-2022,03-02-2022
350,11025,9,9,09-07-2021,21-07-2021,16-07-2021
357,11025,9,14,24-07-2022,05-08-2022,31-07-2022
485,11025,9,9,24-07-2022,05-08-2022,31-07-2022
472,11025,9,16,24-07-2022,05-08-2022,31-07-2022
565,11025,9,14,27-04-2022,09-05-2022,04-05-2022
488,11025,9,19,27-04-2022,09-05-2022,04-05-2022
346,11026,9,14,26-07-2021,07-08-2021,02-08-2021
353,11026,9,17,28-09-2022,10-10-2022,05-10-2022
487,11026,9,19,28-09-2022,10-10-2022,05-10-2022
467,11026,9,17,28-09-2022,10-10-2022,05-10-2022
567,11026,9,7,17-04-2022,29-04-2022,24-04-2022
541,11026,9,12,17-04-2022,29-04-2022,24-04-2022
530,11026,9,2,17-04-2022,29-04-2022,24-04-2022
347,11027,9,18,19-07-2021,31-07-2021,26-07-2021
363,11027,9,8,24-11-2022,06-12-2022,01-12-2022
487,11027,9,1,24-11-2022,06-12-2022,01-12-2022
490,11027,9,12,24-11-2022,06-12-2022,01-12-2022
225,11027,9,6,24-11-2022,06-12-2022,01-12-2022
571,11027,9,19,26-04-2022,08-05-2022,03-05-2022
530,11027,9,20,26-04-2022,08-05-2022,03-05-2022
541,11027,9,1,26-04-2022,08-05-2022,03-05-2022
480,11027,9,7,26-04-2022,08-05-2022,03-05-2022
349,11028,9,6,29-07-2021,10-08-2021,05-08-2021
353,11028,9,7,14-11-2022,26-11-2022,21-11-2022
537,11028,9,11,14-11-2022,26-11-2022,21-11-2022
480,11028,9,15,14-11-2022,26-11-2022,21-11-2022
569,11028,9,12,09-04-2022,21-04-2022,16-04-2022
347,11029,9,8,22-07-2021,03-08-2021,29-07-2021
353,11029,9,5,02-11-2022,14-11-2022,09-11-2022
222,11029,9,5,02-11-2022,14-11-2022,09-11-2022
489,11029,9,13,02-11-2022,14-11-2022,09-11-2022
569,11029,9,20,14-05-2022,26-05-2022,21-05-2022
479,11029,9,1,14-05-2022,26-05-2022,21-05-2022
477,11029,9,1,14-05-2022,26-05-2022,21-05-2022
344,11030,9,13,08-08-2021,20-08-2021,15-08-2021
355,11030,9,15,25-01-2022,06-02-2022,01-02-2022
566,11030,9,11,12-05-2022,24-05-2022,19-05-2022
225,11030,9,7,12-05-2022,24-05-2022,19-05-2022
347,11031,9,2,04-08-2021,16-08-2021,11-08-2021
357,11031,9,11,16-01-2022,28-01-2022,23-01-2022
480,11031,9,13,16-01-2022,28-01-2022,23-01-2022
568,11031,9,6,16-05-2022,28-05-2022,23-05-2022
477,11031,9,10,16-05-2022,28-05-2022,23-05-2022
479,11031,9,8,16-05-2022,28-05-2022,23-05-2022
348,11032,9,12,21-08-2021,02-09-2021,28-08-2021
355,11032,9,7,12-02-2022,24-02-2022,19-02-2022
537,11032,9,12,12-02-2022,24-02-2022,19-02-2022
528,11032,9,8,12-02-2022,24-02-2022,19-02-2022
485,11032,9,15,12-02-2022,24-02-2022,19-02-2022
478,11032,9,7,12-02-2022,24-02-2022,19-02-2022
477,11032,9,12,12-02-2022,24-02-2022,19-02-2022
480,11032,9,15,12-02-2022,24-02-2022,19-02-2022
570,11032,9,8,11-05-2022,23-05-2022,18-05-2022
225,11032,9,16,11-05-2022,23-05-2022,18-05-2022
348,11033,9,5,18-08-2021,30-08-2021,25-08-2021
357,11033,9,1,02-02-2022,14-02-2022,09-02-2022
222,11033,9,1,02-02-2022,14-02-2022,09-02-2022
585,11033,9,18,08-05-2022,20-05-2022,15-05-2022
479,11033,9,14,08-05-2022,20-05-2022,15-05-2022
225,11033,9,18,08-05-2022,20-05-2022,15-05-2022
477,11033,9,8,08-05-2022,20-05-2022,15-05-2022
346,11034,9,15,04-08-2021,16-08-2021,11-08-2021
361,11034,9,12,07-02-2022,19-02-2022,14-02-2022
567,11034,9,7,13-05-2022,25-05-2022,20-05-2022
489,11034,9,1,13-05-2022,25-05-2022,20-05-2022
348,11035,9,1,09-08-2021,21-08-2021,16-08-2021
353,11035,9,13,13-03-2022,25-03-2022,20-03-2022
585,11035,9,18,18-05-2022,30-05-2022,25-05-2022
477,11035,9,4,18-05-2022,30-05-2022,25-05-2022
479,11035,9,17,18-05-2022,30-05-2022,25-05-2022
357,11036,4,12,26-07-2022,07-08-2022,02-08-2022
217,11036,4,9,26-07-2022,07-08-2022,02-08-2022
361,11037,6,16,24-07-2022,05-08-2022,31-07-2022
537,11037,6,20,24-07-2022,05-08-2022,31-07-2022
528,11037,6,17,24-07-2022,05-08-2022,31-07-2022
485,11037,6,18,24-07-2022,05-08-2022,31-07-2022
477,11037,6,18,24-07-2022,05-08-2022,31-07-2022
478,11037,6,11,24-07-2022,05-08-2022,31-07-2022
480,11037,6,9,24-07-2022,05-08-2022,31-07-2022
351,11038,9,10,10-08-2021,22-08-2021,17-08-2021
355,11038,9,10,04-03-2022,16-03-2022,11-03-2022
566,11038,9,13,15-05-2022,27-05-2022,22-05-2022
347,11039,9,9,10-08-2021,22-08-2021,17-08-2021
355,11039,9,5,23-03-2022,04-04-2022,30-03-2022
480,11039,9,9,23-03-2022,04-04-2022,30-03-2022
483,11039,9,16,23-03-2022,04-04-2022,30-03-2022
225,11039,9,2,23-03-2022,04-04-2022,30-03-2022
572,11039,9,15,14-05-2022,26-05-2022,21-05-2022
541,11039,9,1,14-05-2022,26-05-2022,21-05-2022
530,11039,9,20,14-05-2022,26-05-2022,21-05-2022
225,11039,9,17,14-05-2022,26-05-2022,21-05-2022
353,11040,1,13,05-10-2022,17-10-2022,12-10-2022
485,11040,1,3,05-10-2022,17-10-2022,12-10-2022
481,11040,1,5,05-10-2022,17-10-2022,12-10-2022
359,11041,4,9,18-07-2022,30-07-2022,25-07-2022
485,11041,4,8,18-07-2022,30-07-2022,25-07-2022
471,11041,4,18,18-07-2022,30-07-2022,25-07-2022
355,11042,4,13,25-07-2022,06-08-2022,01-08-2022
568,11042,4,9,19-04-2022,01-05-2022,26-04-2022
234,11042,4,20,19-04-2022,01-05-2022,26-04-2022
529,11043,4,8,09-11-2022,21-11-2022,16-11-2022
225,11043,4,19,09-11-2022,21-11-2022,16-11-2022
537,11043,4,18,19-02-2022,02-03-2022,26-02-2022
351,11044,9,7,31-08-2021,12-09-2021,07-09-2021
363,11044,9,6,07-05-2022,19-05-2022,14-05-2022
537,11044,9,11,07-05-2022,19-05-2022,14-05-2022
572,11044,9,18,11-05-2022,23-05-2022,18-05-2022
479,11044,9,16,11-05-2022,23-05-2022,18-05-2022
477,11044,9,16,11-05-2022,23-05-2022,18-05-2022
490,11044,9,18,11-05-2022,23-05-2022,18-05-2022
528,11045,9,16,12-10-2022,24-10-2022,19-10-2022
535,11045,9,15,12-10-2022,24-10-2022,19-10-2022
222,11045,9,12,12-10-2022,24-10-2022,19-10-2022
228,11045,9,13,01-05-2022,13-05-2022,08-05-2022
349,11046,9,11,09-08-2021,21-08-2021,16-08-2021
571,11046,9,20,01-05-2022,13-05-2022,08-05-2022
465,11046,9,2,01-05-2022,13-05-2022,08-05-2022
214,11046,9,19,01-05-2022,13-05-2022,08-05-2022
353,11046,9,12,15-05-2022,27-05-2022,22-05-2022
483,11046,9,14,15-05-2022,27-05-2022,22-05-2022
345,11047,9,14,06-08-2021,18-08-2021,13-08-2021
567,11047,9,19,07-05-2022,19-05-2022,14-05-2022
357,11047,9,10,22-05-2022,03-06-2022,29-05-2022
483,11047,9,9,22-05-2022,03-06-2022,29-05-2022
351,11048,9,1,13-08-2021,25-08-2021,20-08-2021
585,11048,9,5,17-05-2022,29-05-2022,24-05-2022
484,11048,9,4,17-05-2022,29-05-2022,24-05-2022
361,11048,9,13,27-06-2022,09-07-2022,04-07-2022
478,11048,9,9,27-06-2022,09-07-2022,04-07-2022
477,11048,9,11,27-06-2022,09-07-2022,04-07-2022
489,11048,9,13,27-06-2022,09-07-2022,04-07-2022
225,11048,9,19,27-06-2022,09-07-2022,04-07-2022
528,11049,4,10,10-09-2022,22-09-2022,17-09-2022
537,11049,4,3,10-09-2022,22-09-2022,17-09-2022
214,11049,4,16,10-09-2022,22-09-2022,17-09-2022
529,11049,4,4,01-05-2022,13-05-2022,08-05-2022
480,11049,4,18,01-05-2022,13-05-2022,08-05-2022
350,11050,9,2,23-08-2021,04-09-2021,30-08-2021
587,11050,9,1,17-09-2022,29-09-2022,24-09-2022
485,11050,9,7,17-09-2022,29-09-2022,24-09-2022
473,11050,9,19,17-09-2022,29-09-2022,24-09-2022
566,11050,9,10,22-05-2022,03-06-2022,29-05-2022
222,11050,9,13,22-05-2022,03-06-2022,29-05-2022
225,11051,9,1,01-07-2022,13-07-2022,08-07-2022
228,11051,9,7,01-07-2022,13-07-2022,08-07-2022
535,11051,9,12,04-07-2022,16-07-2022,11-07-2022
528,11051,9,13,04-07-2022,16-07-2022,11-07-2022
222,11051,9,16,04-07-2022,16-07-2022,11-07-2022
349,11052,9,5,20-08-2021,01-09-2021,27-08-2021
363,11052,9,17,25-07-2022,06-08-2022,01-08-2022
528,11052,9,17,25-07-2022,06-08-2022,01-08-2022
537,11052,9,7,25-07-2022,06-08-2022,01-08-2022
480,11052,9,18,25-07-2022,06-08-2022,01-08-2022
575,11052,9,16,28-11-2022,10-12-2022,05-12-2022
222,11052,9,12,28-11-2022,10-12-2022,05-12-2022
363,11053,4,12,21-07-2022,02-08-2022,28-07-2022
217,11053,4,9,21-07-2022,02-08-2022,28-07-2022
344,11054,9,16,06-08-2021,18-08-2021,13-08-2021
359,11054,9,13,11-07-2022,23-07-2022,18-07-2022
487,11054,9,7,11-07-2022,23-07-2022,18-07-2022
488,11054,9,1,11-07-2022,23-07-2022,18-07-2022
564,11054,9,13,01-12-2022,13-12-2022,08-12-2022
214,11054,9,11,01-12-2022,13-12-2022,08-12-2022
351,11055,9,13,03-08-2021,15-08-2021,10-08-2021
353,11055,9,17,08-08-2022,20-08-2022,15-08-2022
537,11055,9,11,08-08-2022,20-08-2022,15-08-2022
528,11055,9,14,08-08-2022,20-08-2022,15-08-2022
217,11055,9,14,08-08-2022,20-08-2022,15-08-2022
562,11055,9,6,09-12-2022,21-12-2022,16-12-2022
479,11055,9,11,09-12-2022,21-12-2022,16-12-2022
477,11055,9,16,09-12-2022,21-12-2022,16-12-2022
350,11056,9,18,29-08-2021,10-09-2021,05-09-2021
353,11056,9,14,07-08-2022,19-08-2022,14-08-2022
477,11056,9,4,07-08-2022,19-08-2022,14-08-2022
478,11056,9,19,07-08-2022,19-08-2022,14-08-2022
489,11056,9,14,07-08-2022,19-08-2022,14-08-2022
463,11056,9,13,07-08-2022,19-08-2022,14-08-2022
562,11056,9,18,02-12-2022,14-12-2022,09-12-2022
222,11056,9,14,02-12-2022,14-12-2022,09-12-2022
351,11057,9,7,25-08-2021,06-09-2021,01-09-2021
357,11057,9,9,31-07-2022,12-08-2022,07-08-2022
562,11057,9,18,22-11-2022,04-12-2022,29-11-2022
482,11057,9,4,22-11-2022,04-12-2022,29-11-2022
347,11058,9,6,09-09-2021,21-09-2021,16-09-2021
355,11058,9,19,08-07-2022,20-07-2022,15-07-2022
487,11058,9,10,08-07-2022,20-07-2022,15-07-2022
573,11058,9,10,06-12-2022,18-12-2022,13-12-2022
217,11058,9,6,06-12-2022,18-12-2022,13-12-2022
488,11058,9,8,06-12-2022,18-12-2022,13-12-2022
479,11059,9,19,22-08-2022,03-09-2022,29-08-2022
477,11059,9,17,22-08-2022,03-09-2022,29-08-2022
225,11059,9,11,22-08-2022,03-09-2022,29-08-2022
489,11059,9,4,22-08-2022,03-09-2022,29-08-2022
477,11059,9,16,12-09-2022,24-09-2022,19-09-2022
478,11059,9,8,12-09-2022,24-09-2022,19-09-2022
535,11059,9,7,17-09-2022,29-09-2022,24-09-2022
345,11060,9,12,19-09-2021,01-10-2021,26-09-2021
353,11060,9,20,08-07-2022,20-07-2022,15-07-2022
575,11060,9,19,27-12-2022,08-01-2022,03-01-2022
479,11060,9,12,27-12-2022,08-01-2022,03-01-2022
477,11060,9,1,27-12-2022,08-01-2022,03-01-2022
214,11060,9,2,27-12-2022,08-01-2022,03-01-2022
348,11061,9,12,13-09-2021,25-09-2021,20-09-2021
357,11061,9,7,04-07-2022,16-07-2022,11-07-2022
478,11061,9,12,04-07-2022,16-07-2022,11-07-2022
477,11061,9,19,04-07-2022,16-07-2022,11-07-2022
214,11061,9,15,04-07-2022,16-07-2022,11-07-2022
564,11061,9,12,16-12-2022,28-12-2022,23-12-2022
361,11062,1,19,11-07-2022,23-07-2022,18-07-2022
485,11062,1,16,11-07-2022,23-07-2022,18-07-2022
222,11062,1,2,11-07-2022,23-07-2022,18-07-2022
363,11063,1,17,16-07-2022,28-07-2022,23-07-2022
477,11063,1,4,16-07-2022,28-07-2022,23-07-2022
478,11063,1,2,16-07-2022,28-07-2022,23-07-2022
490,11063,1,8,16-07-2022,28-07-2022,23-07-2022
225,11063,1,2,16-07-2022,28-07-2022,23-07-2022
359,11064,4,5,29-07-2022,10-08-2022,05-08-2022
478,11064,4,13,29-07-2022,10-08-2022,05-08-2022
537,11065,4,3,14-08-2022,26-08-2022,21-08-2022
480,11065,4,7,14-08-2022,26-08-2022,21-08-2022
486,11065,4,4,14-08-2022,26-08-2022,21-08-2022
529,11065,4,20,13-07-2022,25-07-2022,20-07-2022
480,11065,4,1,13-07-2022,25-07-2022,20-07-2022
537,11066,1,4,02-12-2022,14-12-2022,09-12-2022
528,11066,1,9,02-12-2022,14-12-2022,09-12-2022
480,11066,1,19,02-12-2022,14-12-2022,09-12-2022
529,11066,1,4,22-03-2022,03-04-2022,29-03-2022
222,11066,1,18,22-03-2022,03-04-2022,29-03-2022
529,11067,1,5,19-02-2022,02-03-2022,26-02-2022
480,11067,1,20,19-02-2022,02-03-2022,26-02-2022
528,11067,1,8,15-07-2022,27-07-2022,22-07-2022
537,11067,1,1,15-07-2022,27-07-2022,22-07-2022
222,11067,1,19,15-07-2022,27-07-2022,22-07-2022
463,11067,1,3,15-07-2022,27-07-2022,22-07-2022
477,11068,9,3,01-11-2022,13-11-2022,08-11-2022
479,11068,9,8,01-11-2022,13-11-2022,08-11-2022
467,11068,9,16,01-11-2022,13-11-2022,08-11-2022
477,11068,9,6,21-01-2022,02-02-2022,28-01-2022
478,11068,9,1,21-01-2022,02-02-2022,28-01-2022
528,11068,9,9,10-04-2022,22-04-2022,17-04-2022
535,11068,9,4,10-04-2022,22-04-2022,17-04-2022
485,11068,9,17,10-04-2022,22-04-2022,17-04-2022
484,11068,9,17,10-04-2022,22-04-2022,17-04-2022
345,11069,9,8,18-10-2021,30-10-2021,25-10-2021
357,11069,9,20,30-07-2022,11-08-2022,06-08-2022
561,11069,9,12,06-12-2022,18-12-2022,13-12-2022
346,11070,9,6,29-10-2021,10-11-2021,05-11-2021
361,11070,9,2,13-07-2022,25-07-2022,20-07-2022
528,11070,9,2,13-07-2022,25-07-2022,20-07-2022
537,11070,9,7,13-07-2022,25-07-2022,20-07-2022
480,11070,9,20,13-07-2022,25-07-2022,20-07-2022
484,11070,9,3,13-07-2022,25-07-2022,20-07-2022
562,11070,9,8,28-12-2022,09-01-2022,04-01-2022
541,11070,9,17,28-12-2022,09-01-2022,04-01-2022
530,11070,9,14,28-12-2022,09-01-2022,04-01-2022
480,11070,9,20,28-12-2022,09-01-2022,04-01-2022
535,11071,9,7,02-09-2022,14-09-2022,09-09-2022
480,11071,9,18,02-09-2022,14-09-2022,09-09-2022
478,11071,9,20,19-09-2022,01-10-2022,26-09-2022
477,11071,9,14,19-09-2022,01-10-2022,26-09-2022
477,11071,9,16,03-06-2022,15-06-2022,10-06-2022
479,11071,9,8,03-06-2022,15-06-2022,10-06-2022
488,11071,9,14,03-06-2022,15-06-2022,10-06-2022
344,11072,9,11,01-10-2021,13-10-2021,08-10-2021
355,11072,9,10,13-07-2022,25-07-2022,20-07-2022
485,11072,9,10,13-07-2022,25-07-2022,20-07-2022
490,11072,9,20,13-07-2022,25-07-2022,20-07-2022
561,11072,9,4,17-12-2022,29-12-2022,24-12-2022
479,11072,9,18,17-12-2022,29-12-2022,24-12-2022
477,11072,9,19,17-12-2022,29-12-2022,24-12-2022
478,11073,9,5,24-09-2022,06-10-2022,01-10-2022
477,11073,9,13,24-09-2022,06-10-2022,01-10-2022
217,11073,9,16,24-09-2022,06-10-2022,01-10-2022
490,11073,9,8,24-09-2022,06-10-2022,01-10-2022
535,11073,9,11,12-12-2022,24-12-2022,19-12-2022
528,11073,9,8,12-12-2022,24-12-2022,19-12-2022
222,11073,9,3,12-12-2022,24-12-2022,19-12-2022
477,11073,9,17,22-02-2022,05-03-2022,23-02-2022
479,11073,9,12,22-02-2022,05-03-2022,23-02-2022
225,11073,9,16,22-02-2022,05-03-2022,23-02-2022
478,11074,9,6,24-09-2022,06-10-2022,01-10-2022
477,11074,9,1,24-09-2022,06-10-2022,01-10-2022
222,11074,9,1,24-09-2022,06-10-2022,01-10-2022
535,11074,9,3,07-11-2022,19-11-2022,14-11-2022
480,11074,9,11,07-11-2022,19-11-2022,14-11-2022
484,11074,9,16,07-11-2022,19-11-2022,14-11-2022
479,11074,9,4,28-11-2022,10-12-2022,05-12-2022
351,11075,9,6,29-10-2021,10-11-2021,05-11-2021
363,11075,9,13,20-07-2022,01-08-2022,27-07-2022
574,11075,9,3,26-12-2022,07-01-2022,02-01-2022
477,11075,9,13,26-12-2022,07-01-2022,02-01-2022
479,11075,9,10,26-12-2022,07-01-2022,02-01-2022
344,11076,9,17,22-10-2021,03-11-2021,29-10-2021
353,11076,9,7,04-07-2022,16-07-2022,11-07-2022
487,11076,9,18,04-07-2022,16-07-2022,11-07-2022
574,11076,9,8,23-12-2022,04-01-2022,30-12-2022
351,11077,9,17,16-10-2021,28-10-2021,23-10-2021
357,11077,9,6,29-07-2022,10-08-2022,05-08-2022
487,11077,9,10,29-07-2022,10-08-2022,05-08-2022
576,11077,9,2,14-12-2022,26-12-2022,21-12-2022
214,11077,9,16,14-12-2022,26-12-2022,21-12-2022
530,11078,6,8,19-08-2022,31-08-2022,26-08-2022
214,11078,6,3,19-08-2022,31-08-2022,26-08-2022
467,11078,6,5,19-08-2022,31-08-2022,26-08-2022
529,11078,6,4,08-09-2022,20-09-2022,15-09-2022
484,11078,6,15,08-09-2022,20-09-2022,15-09-2022
528,11078,6,3,12-09-2022,24-09-2022,19-09-2022
536,11078,6,3,12-09-2022,24-09-2022,19-09-2022
485,11078,6,14,12-09-2022,24-09-2022,19-09-2022
539,11078,6,4,13-09-2022,25-09-2022,20-09-2022
530,11078,6,5,21-10-2022,02-11-2022,28-10-2022
541,11078,6,20,21-10-2022,02-11-2022,28-10-2022
217,11078,6,5,21-10-2022,02-11-2022,28-10-2022
537,11078,6,7,02-11-2022,14-11-2022,09-11-2022
231,11078,6,20,15-11-2022,27-11-2022,22-11-2022
481,11078,6,18,15-11-2022,27-11-2022,22-11-2022
528,11078,6,7,23-11-2022,05-12-2022,30-11-2022
535,11078,6,19,23-11-2022,05-12-2022,30-11-2022
539,11078,6,2,24-11-2022,06-12-2022,01-12-2022
231,11078,6,14,24-11-2022,06-12-2022,01-12-2022
490,11078,6,6,04-01-2022,16-01-2022,11-01-2022
480,11078,6,5,17-01-2022,29-01-2022,24-01-2022
486,11078,6,5,17-01-2022,29-01-2022,24-01-2022
530,11078,6,16,20-01-2022,01-02-2022,27-01-2022
480,11078,6,10,20-01-2022,01-02-2022,27-01-2022
474,11078,6,12,05-04-2022,17-04-2022,12-04-2022
217,11078,6,15,15-04-2022,27-04-2022,22-04-2022
538,11078,6,17,15-04-2022,27-04-2022,22-04-2022
529,11078,6,8,15-04-2022,27-04-2022,22-04-2022
479,11078,6,20,27-06-2022,09-07-2022,04-07-2022
477,11078,6,19,27-06-2022,09-07-2022,04-07-2022
483,11078,6,15,31-07-2022,12-08-2022,07-08-2022
478,11079,9,12,16-09-2022,28-09-2022,23-09-2022
477,11079,9,15,03-03-2022,15-03-2022,10-03-2022
479,11079,9,6,03-03-2022,15-03-2022,10-03-2022
225,11079,9,18,03-03-2022,15-03-2022,10-03-2022
535,11079,9,20,04-07-2022,16-07-2022,11-07-2022
351,11080,9,9,11-10-2021,23-10-2021,18-10-2021
357,11080,9,15,17-07-2022,29-07-2022,24-07-2022
537,11080,9,17,17-07-2022,29-07-2022,24-07-2022
528,11080,9,13,17-07-2022,29-07-2022,24-07-2022
562,11080,9,6,25-12-2022,06-01-2022,01-01-2022
222,11080,9,17,25-12-2022,06-01-2022,01-01-2022
231,11080,9,13,25-12-2022,06-01-2022,01-01-2022
537,11081,4,2,16-08-2022,28-08-2022,23-08-2022
480,11081,4,11,16-08-2022,28-08-2022,23-08-2022
529,11081,4,17,15-10-2022,27-10-2022,22-10-2022
488,11081,4,20,15-10-2022,27-10-2022,22-10-2022
225,11081,4,1,15-10-2022,27-10-2022,22-10-2022
359,11082,4,8,26-07-2022,07-08-2022,02-08-2022
537,11082,4,3,26-07-2022,07-08-2022,02-08-2022
567,11082,4,10,09-05-2022,21-05-2022,16-05-2022
479,11082,4,11,09-05-2022,21-05-2022,16-05-2022
477,11082,4,8,09-05-2022,21-05-2022,16-05-2022
465,11082,4,9,09-05-2022,21-05-2022,16-05-2022
353,11083,4,10,10-07-2022,22-07-2022,17-07-2022
528,11083,4,11,10-07-2022,22-07-2022,17-07-2022
537,11083,4,3,10-07-2022,22-07-2022,17-07-2022
217,11083,4,19,10-07-2022,22-07-2022,17-07-2022
572,11083,4,6,11-05-2022,23-05-2022,18-05-2022
357,11084,1,9,08-07-2022,20-07-2022,15-07-2022
480,11084,1,12,08-07-2022,20-07-2022,15-07-2022
570,11084,1,11,24-05-2022,05-06-2022,31-05-2022
479,11084,1,9,24-05-2022,05-06-2022,31-05-2022
477,11084,1,13,24-05-2022,05-06-2022,31-05-2022
537,11085,4,8,08-06-2022,20-06-2022,15-06-2022
528,11085,4,13,08-06-2022,20-06-2022,15-06-2022
217,11085,4,2,08-06-2022,20-06-2022,15-06-2022
529,11085,4,8,11-07-2022,23-07-2022,18-07-2022
228,11085,4,17,11-07-2022,23-07-2022,18-07-2022
529,11086,4,11,03-01-2022,15-01-2022,10-01-2022
234,11086,4,18,03-01-2022,15-01-2022,10-01-2022
528,11086,4,20,23-06-2022,05-07-2022,30-06-2022
537,11086,4,6,23-06-2022,05-07-2022,30-06-2022
222,11086,4,5,23-06-2022,05-07-2022,30-06-2022
463,11086,4,11,23-06-2022,05-07-2022,30-06-2022
529,11087,4,7,29-08-2022,10-09-2022,05-09-2022
486,11087,4,6,29-08-2022,10-09-2022,05-09-2022
537,11087,4,18,10-02-2022,22-02-2022,17-02-2022
480,11087,4,12,10-02-2022,22-02-2022,17-02-2022
357,11088,4,3,17-07-2022,29-07-2022,24-07-2022
485,11088,4,3,17-07-2022,29-07-2022,24-07-2022
463,11088,4,1,17-07-2022,29-07-2022,24-07-2022
569,11088,4,18,15-05-2022,27-05-2022,22-05-2022
477,11088,4,13,15-05-2022,27-05-2022,22-05-2022
479,11088,4,2,15-05-2022,27-05-2022,22-05-2022
491,11088,4,17,15-05-2022,27-05-2022,22-05-2022
363,11089,4,3,02-07-2022,14-07-2022,09-07-2022
485,11089,4,10,02-07-2022,14-07-2022,09-07-2022
217,11089,4,8,02-07-2022,14-07-2022,09-07-2022
572,11089,4,1,21-05-2022,02-06-2022,28-05-2022
222,11089,4,5,21-05-2022,02-06-2022,28-05-2022
228,11089,4,12,21-05-2022,02-06-2022,28-05-2022
482,11089,4,19,21-05-2022,02-06-2022,28-05-2022
310,11090,4,1,07-02-2021,19-02-2021,14-02-2021
361,11090,4,5,31-07-2022,12-08-2022,07-08-2022
487,11090,4,7,31-07-2022,12-08-2022,07-08-2022
463,11090,4,18,31-07-2022,12-08-2022,07-08-2022
569,11090,4,14,24-05-2022,05-06-2022,31-05-2022
225,11090,4,16,24-05-2022,05-06-2022,31-05-2022
479,11091,6,7,02-08-2022,14-08-2022,09-08-2022
477,11091,6,18,02-08-2022,14-08-2022,09-08-2022
488,11091,6,14,12-08-2022,24-08-2022,19-08-2022
530,11091,6,12,10-09-2022,22-09-2022,17-09-2022
541,11091,6,9,10-09-2022,22-09-2022,17-09-2022
463,11091,6,16,10-09-2022,22-09-2022,17-09-2022
530,11091,6,1,15-09-2022,27-09-2022,22-09-2022
484,11091,6,2,15-09-2022,27-09-2022,22-09-2022
231,11091,6,11,23-09-2022,05-10-2022,30-09-2022
465,11091,6,6,23-09-2022,05-10-2022,30-09-2022
529,11091,6,13,05-10-2022,17-10-2022,12-10-2022
540,11091,6,1,05-10-2022,17-10-2022,12-10-2022
480,11091,6,13,05-10-2022,17-10-2022,12-10-2022
529,11091,6,10,06-10-2022,18-10-2022,13-10-2022
538,11091,6,3,06-10-2022,18-10-2022,13-10-2022
480,11091,6,12,06-10-2022,18-10-2022,13-10-2022
530,11091,6,3,21-10-2022,02-11-2022,28-10-2022
217,11091,6,16,21-10-2022,02-11-2022,28-10-2022
477,11091,6,7,28-10-2022,09-11-2022,04-11-2022
529,11091,6,2,06-11-2022,18-11-2022,13-11-2022
480,11091,6,16,06-11-2022,18-11-2022,13-11-2022
535,11091,6,11,06-12-2022,18-12-2022,13-12-2022
528,11091,6,11,06-12-2022,18-12-2022,13-12-2022
480,11091,6,16,06-12-2022,18-12-2022,13-12-2022
474,11091,6,15,07-12-2022,19-12-2022,14-12-2022
480,11091,6,11,22-12-2022,03-01-2022,29-12-2022
528,11091,6,11,02-01-2022,14-01-2022,09-01-2022
536,11091,6,9,02-01-2022,14-01-2022,09-01-2022
529,11091,6,14,23-01-2022,04-02-2022,30-01-2022
540,11091,6,13,23-01-2022,04-02-2022,30-01-2022
225,11091,6,7,23-01-2022,04-02-2022,30-01-2022
488,11091,6,16,23-01-2022,04-02-2022,30-01-2022
528,11091,6,11,04-02-2022,16-02-2022,11-02-2022
535,11091,6,7,04-02-2022,16-02-2022,11-02-2022
217,11091,6,1,04-02-2022,16-02-2022,11-02-2022
228,11091,6,20,04-02-2022,16-02-2022,11-02-2022
529,11091,6,3,06-02-2022,18-02-2022,13-02-2022
538,11091,6,3,06-02-2022,18-02-2022,13-02-2022
539,11091,6,19,19-02-2022,02-03-2022,26-02-2022
529,11091,6,11,19-02-2022,02-03-2022,26-02-2022
480,11091,6,16,19-02-2022,02-03-2022,26-02-2022
214,11091,6,20,14-03-2022,26-03-2022,21-03-2022
467,11091,6,5,13-04-2022,25-04-2022,20-04-2022
483,11091,6,19,13-04-2022,25-04-2022,20-04-2022
529,11091,6,11,30-04-2022,12-05-2022,07-05-2022
540,11091,6,19,30-04-2022,12-05-2022,07-05-2022
214,11091,6,11,30-04-2022,12-05-2022,07-05-2022
537,11091,6,17,09-05-2022,21-05-2022,16-05-2022
540,11091,6,11,10-05-2022,22-05-2022,17-05-2022
480,11091,6,3,10-05-2022,22-05-2022,17-05-2022
535,11091,6,1,18-06-2022,30-06-2022,25-06-2022
480,11091,6,12,18-06-2022,30-06-2022,25-06-2022
530,11091,6,4,21-06-2022,03-07-2022,28-06-2022
480,11091,6,18,21-06-2022,03-07-2022,28-06-2022
535,11091,6,10,23-06-2022,05-07-2022,30-06-2022
480,11091,6,7,23-06-2022,05-07-2022,30-06-2022
214,11091,6,6,08-07-2022,20-07-2022,15-07-2022
539,11091,6,14,11-07-2022,23-07-2022,18-07-2022
529,11091,6,17,11-07-2022,23-07-2022,18-07-2022
348,11092,9,7,09-10-2021,21-10-2021,16-10-2021
353,11092,9,19,16-07-2022,28-07-2022,23-07-2022
485,11092,9,4,16-07-2022,28-07-2022,23-07-2022
573,11092,9,9,23-12-2022,04-01-2022,30-12-2022
479,11092,9,6,23-12-2022,04-01-2022,30-12-2022
347,11093,9,8,08-10-2021,20-10-2021,15-10-2021
363,11093,9,1,11-07-2022,23-07-2022,18-07-2022
485,11093,9,20,11-07-2022,23-07-2022,18-07-2022
222,11093,9,15,11-07-2022,23-07-2022,18-07-2022
481,11093,9,10,11-07-2022,23-07-2022,18-07-2022
562,11093,9,19,10-12-2022,22-12-2022,17-12-2022
214,11093,9,6,10-12-2022,22-12-2022,17-12-2022
535,11094,9,19,09-10-2022,21-10-2022,16-10-2022
528,11094,9,16,09-10-2022,21-10-2022,16-10-2022
484,11094,9,10,22-02-2022,05-03-2022,22-02-2022
483,11094,9,9,22-02-2022,05-03-2022,22-02-2022
478,11094,9,3,14-07-2022,26-07-2022,21-07-2022
477,11094,9,3,14-07-2022,26-07-2022,21-07-2022
491,11094,9,12,14-07-2022,26-07-2022,21-07-2022
225,11094,9,11,14-07-2022,26-07-2022,21-07-2022
351,11095,9,14,02-10-2021,14-10-2021,09-10-2021
359,11095,9,11,31-07-2022,12-08-2022,07-08-2022
478,11095,9,1,31-07-2022,12-08-2022,07-08-2022
477,11095,9,12,31-07-2022,12-08-2022,07-08-2022
489,11095,9,3,31-07-2022,12-08-2022,07-08-2022
573,11095,9,15,27-12-2022,08-01-2022,03-01-2022
217,11095,9,5,27-12-2022,08-01-2022,03-01-2022
351,11096,9,7,12-10-2021,24-10-2021,19-10-2021
361,11096,9,5,26-08-2022,07-09-2022,02-09-2022
225,11096,9,11,31-01-2022,12-02-2022,07-02-2022
564,11096,9,5,31-01-2022,12-02-2022,07-02-2022
351,11097,9,2,05-10-2021,17-10-2021,12-10-2021
361,11097,9,14,17-09-2022,29-09-2022,24-09-2022
478,11097,9,11,17-09-2022,29-09-2022,24-09-2022
562,11097,9,13,25-01-2022,06-02-2022,01-02-2022
214,11097,9,15,25-01-2022,06-02-2022,01-02-2022
535,11098,9,16,15-08-2022,27-08-2022,22-08-2022
528,11098,9,18,15-08-2022,27-08-2022,22-08-2022
491,11098,9,20,10-02-2022,22-02-2022,17-02-2022
477,11098,9,9,18-04-2022,30-04-2022,25-04-2022
345,11099,9,14,08-10-2021,20-10-2021,15-10-2021
361,11099,9,4,07-09-2022,19-09-2022,14-09-2022
478,11099,9,7,07-09-2022,19-09-2022,14-09-2022
477,11099,9,6,07-09-2022,19-09-2022,14-09-2022
490,11099,9,7,07-09-2022,19-09-2022,14-09-2022
575,11099,9,7,02-01-2022,14-01-2022,09-01-2022
477,11099,9,18,02-01-2022,14-01-2022,09-01-2022
479,11099,9,8,02-01-2022,14-01-2022,09-01-2022
489,11099,9,11,02-01-2022,14-01-2022,09-01-2022
349,11100,9,6,17-10-2021,29-10-2021,24-10-2021
355,11100,9,4,24-09-2022,06-10-2022,01-10-2022
465,11100,9,4,24-09-2022,06-10-2022,01-10-2022
487,11100,9,15,24-09-2022,06-10-2022,01-10-2022
563,11100,9,11,08-02-2022,20-02-2022,15-02-2022
479,11100,9,14,08-02-2022,20-02-2022,15-02-2022
477,11100,9,10,08-02-2022,20-02-2022,15-02-2022
345,11101,9,15,30-10-2021,11-11-2021,06-11-2021
353,11101,9,3,30-07-2022,11-08-2022,06-08-2022
483,11101,9,18,30-07-2022,11-08-2022,06-08-2022
564,11101,9,7,31-12-2022,12-01-2022,07-01-2022
479,11101,9,3,31-12-2022,12-01-2022,07-01-2022
463,11101,9,7,31-12-2022,12-01-2022,07-01-2022
477,11101,9,14,31-12-2022,12-01-2022,07-01-2022
484,11102,9,12,17-01-2022,29-01-2022,24-01-2022
535,11102,9,8,05-04-2022,17-04-2022,12-04-2022
478,11102,9,20,11-06-2022,23-06-2022,18-06-2022
477,11102,9,4,11-06-2022,23-06-2022,18-06-2022
487,11102,9,16,11-06-2022,23-06-2022,18-06-2022
351,11103,9,19,16-10-2021,28-10-2021,23-10-2021
359,11103,9,3,13-07-2022,25-07-2022,20-07-2022
477,11103,9,5,13-07-2022,25-07-2022,20-07-2022
478,11103,9,10,13-07-2022,25-07-2022,20-07-2022
491,11103,9,4,13-07-2022,25-07-2022,20-07-2022
465,11103,9,3,13-07-2022,25-07-2022,20-07-2022
562,11103,9,14,08-12-2022,20-12-2022,15-12-2022
214,11103,9,11,08-12-2022,20-12-2022,15-12-2022
346,11104,9,5,04-11-2021,16-11-2021,11-11-2021
359,11104,9,14,26-07-2022,07-08-2022,02-08-2022
537,11104,9,9,26-07-2022,07-08-2022,02-08-2022
528,11104,9,7,26-07-2022,07-08-2022,02-08-2022
574,11104,9,6,17-12-2022,29-12-2022,24-12-2022
488,11104,9,4,17-12-2022,29-12-2022,24-12-2022
346,11105,9,5,14-11-2021,26-11-2021,21-11-2021
361,11105,9,16,04-07-2022,16-07-2022,11-07-2022
564,11105,9,11,07-12-2022,19-12-2022,14-12-2022
479,11105,9,12,07-12-2022,19-12-2022,14-12-2022
484,11105,9,2,07-12-2022,19-12-2022,14-12-2022
346,11106,9,10,18-11-2021,30-11-2021,25-11-2021
359,11106,9,13,04-07-2022,16-07-2022,11-07-2022
561,11106,9,9,17-12-2022,29-12-2022,24-12-2022
349,11107,9,3,01-11-2021,13-11-2021,08-11-2021
353,11107,9,10,17-07-2022,29-07-2022,24-07-2022
485,11107,9,7,17-07-2022,29-07-2022,24-07-2022
217,11107,9,2,17-07-2022,29-07-2022,24-07-2022
573,11107,9,17,23-12-2022,04-01-2022,30-12-2022
222,11107,9,19,23-12-2022,04-01-2022,30-12-2022
348,11108,9,20,03-11-2021,15-11-2021,10-11-2021
361,11108,9,11,03-07-2022,15-07-2022,10-07-2022
537,11108,9,8,03-07-2022,15-07-2022,10-07-2022
561,11108,9,15,25-12-2022,06-01-2022,01-01-2022
222,11108,9,14,25-12-2022,06-01-2022,01-01-2022
349,11109,9,9,10-11-2021,22-11-2021,17-11-2021
363,11109,9,16,15-07-2022,27-07-2022,22-07-2022
528,11109,9,2,15-07-2022,27-07-2022,22-07-2022
537,11109,9,8,15-07-2022,27-07-2022,22-07-2022
485,11109,9,16,15-07-2022,27-07-2022,22-07-2022
483,11109,9,4,15-07-2022,27-07-2022,22-07-2022
225,11109,9,8,26-12-2022,07-01-2022,02-01-2022
561,11109,9,7,26-12-2022,07-01-2022,02-01-2022
344,11110,9,2,01-11-2021,13-11-2021,08-11-2021
361,11110,9,13,14-09-2022,26-09-2022,21-09-2022
562,11110,9,10,21-02-2022,04-03-2022,28-02-2022
477,11110,9,15,21-02-2022,04-03-2022,28-02-2022
479,11110,9,9,21-02-2022,04-03-2022,28-02-2022
344,11111,9,18,20-11-2021,02-12-2021,27-11-2021
363,11111,9,20,13-09-2022,25-09-2022,20-09-2022
478,11111,9,5,13-09-2022,25-09-2022,20-09-2022
477,11111,9,11,13-09-2022,25-09-2022,20-09-2022
225,11111,9,8,13-09-2022,25-09-2022,20-09-2022
576,11111,9,3,23-02-2022,06-03-2022,01-03-2022
541,11111,9,4,23-02-2022,06-03-2022,01-03-2022
530,11111,9,4,23-02-2022,06-03-2022,01-03-2022
348,11112,9,16,25-11-2021,07-12-2021,02-12-2021
355,11112,9,19,09-10-2022,21-10-2022,16-10-2022
485,11112,9,6,09-10-2022,21-10-2022,16-10-2022
486,11112,9,8,09-10-2022,21-10-2022,16-10-2022
561,11112,9,11,05-03-2022,17-03-2022,12-03-2022
214,11112,9,4,05-03-2022,17-03-2022,12-03-2022
478,11113,9,16,05-08-2022,17-08-2022,12-08-2022
477,11113,9,15,05-08-2022,17-08-2022,12-08-2022
217,11113,9,15,05-08-2022,17-08-2022,12-08-2022
528,11113,9,16,13-08-2022,25-08-2022,20-08-2022
535,11113,9,3,13-08-2022,25-08-2022,20-08-2022
485,11113,9,16,13-08-2022,25-08-2022,20-08-2022
484,11113,9,17,23-10-2022,04-11-2022,30-10-2022
484,11114,9,6,19-09-2022,01-10-2022,26-09-2022
478,11114,9,8,25-01-2022,06-02-2022,01-02-2022
477,11114,9,16,25-01-2022,06-02-2022,01-02-2022
214,11114,9,11,25-01-2022,06-02-2022,01-02-2022
535,11114,9,4,28-06-2022,10-07-2022,05-07-2022
528,11114,9,2,28-06-2022,10-07-2022,05-07-2022
214,11114,9,20,28-06-2022,10-07-2022,05-07-2022
535,11115,9,9,14-08-2022,26-08-2022,21-08-2022
480,11115,9,4,14-08-2022,26-08-2022,21-08-2022
484,11115,9,5,24-06-2022,06-07-2022,01-07-2022
477,11115,9,1,05-07-2022,17-07-2022,12-07-2022
478,11115,9,20,05-07-2022,17-07-2022,12-07-2022
473,11115,9,9,05-07-2022,17-07-2022,12-07-2022
535,11116,9,2,16-09-2022,28-09-2022,23-09-2022
480,11116,9,7,16-09-2022,28-09-2022,23-09-2022
477,11116,9,20,13-01-2022,25-01-2022,20-01-2022
478,11116,9,3,13-01-2022,25-01-2022,20-01-2022
214,11116,9,19,13-01-2022,25-01-2022,20-01-2022
473,11116,9,14,13-01-2022,25-01-2022,20-01-2022
484,11116,9,6,18-04-2022,30-04-2022,25-04-2022
345,11117,9,3,06-11-2021,18-11-2021,13-11-2021
355,11117,9,4,03-07-2022,15-07-2022,10-07-2022
485,11117,9,11,03-07-2022,15-07-2022,10-07-2022
478,11117,9,6,03-07-2022,15-07-2022,10-07-2022
477,11117,9,13,03-07-2022,15-07-2022,10-07-2022
225,11117,9,1,03-07-2022,15-07-2022,10-07-2022
562,11117,9,11,27-12-2022,08-01-2022,03-01-2022
217,11117,9,7,27-12-2022,08-01-2022,03-01-2022
477,11118,9,17,11-01-2022,23-01-2022,18-01-2022
478,11118,9,4,11-01-2022,23-01-2022,18-01-2022
487,11118,9,6,11-01-2022,23-01-2022,18-01-2022
484,11118,9,7,11-01-2022,23-01-2022,18-01-2022
528,11118,9,16,13-05-2022,25-05-2022,20-05-2022
535,11118,9,2,13-05-2022,25-05-2022,20-05-2022
484,11118,9,9,13-05-2022,25-05-2022,20-05-2022
484,11118,9,5,29-07-2022,10-08-2022,05-08-2022
535,11119,9,18,07-08-2022,19-08-2022,14-08-2022
480,11119,9,18,07-08-2022,19-08-2022,14-08-2022
484,11119,9,13,07-08-2022,19-08-2022,14-08-2022
231,11119,9,10,26-05-2022,07-06-2022,02-06-2022
350,11120,9,6,14-11-2021,26-11-2021,21-11-2021
361,11120,9,7,29-10-2022,10-11-2022,05-11-2022
537,11120,9,17,29-10-2022,10-11-2022,05-11-2022
528,11120,9,16,29-10-2022,10-11-2022,05-11-2022
222,11120,9,19,29-10-2022,10-11-2022,05-11-2022
465,11120,9,8,29-10-2022,10-11-2022,05-11-2022
562,11120,9,9,22-03-2022,03-04-2022,29-03-2022
541,11120,9,19,22-03-2022,03-04-2022,29-03-2022
530,11120,9,12,22-03-2022,03-04-2022,29-03-2022
487,11120,9,8,22-03-2022,03-04-2022,29-03-2022
484,11121,9,1,26-12-2022,07-01-2022,02-01-2022
535,11121,9,2,28-02-2022,11-03-2022,06-03-2022
480,11121,9,9,28-02-2022,11-03-2022,06-03-2022
484,11121,9,8,28-02-2022,11-03-2022,06-03-2022
477,11121,9,6,07-05-2022,19-05-2022,14-05-2022
478,11121,9,9,07-05-2022,19-05-2022,14-05-2022
484,11122,9,12,25-08-2022,06-09-2022,01-09-2022
478,11122,9,20,03-01-2022,15-01-2022,10-01-2022
535,11122,9,14,23-02-2022,06-03-2022,01-03-2022
528,11123,9,19,19-10-2022,31-10-2022,26-10-2022
535,11123,9,13,19-10-2022,31-10-2022,26-10-2022
484,11123,9,7,19-10-2022,31-10-2022,26-10-2022
484,11123,9,20,17-04-2022,29-04-2022,24-04-2022
478,11123,9,1,28-07-2022,09-08-2022,04-08-2022
477,11123,9,10,28-07-2022,09-08-2022,04-08-2022
217,11123,9,17,28-07-2022,09-08-2022,04-08-2022
491,11123,9,17,28-07-2022,09-08-2022,04-08-2022
345,11124,9,19,05-11-2021,17-11-2021,12-11-2021
359,11124,9,4,29-07-2022,10-08-2022,05-08-2022
478,11124,9,15,29-07-2022,10-08-2022,05-08-2022
477,11124,9,16,29-07-2022,10-08-2022,05-08-2022
563,11124,9,13,20-12-2022,01-01-2022,27-12-2022
217,11124,9,20,20-12-2022,01-01-2022,27-12-2022
484,11125,9,8,04-08-2022,16-08-2022,11-08-2022
478,11125,9,13,07-09-2022,19-09-2022,14-09-2022
477,11125,9,3,07-09-2022,19-09-2022,14-09-2022
463,11125,9,11,07-09-2022,19-09-2022,14-09-2022
535,11125,9,20,04-01-2022,16-01-2022,11-01-2022
528,11125,9,9,04-01-2022,16-01-2022,11-01-2022
480,11125,9,19,04-01-2022,16-01-2022,11-01-2022
344,11126,9,20,28-11-2021,10-12-2021,05-12-2021
590,11126,9,7,25-10-2022,06-11-2022,01-11-2022
485,11126,9,15,25-10-2022,06-11-2022,01-11-2022
480,11126,9,3,25-10-2022,06-11-2022,01-11-2022
565,11126,9,16,06-05-2022,18-05-2022,13-05-2022
530,11126,9,19,06-05-2022,18-05-2022,13-05-2022
541,11126,9,4,06-05-2022,18-05-2022,13-05-2022
480,11126,9,4,06-05-2022,18-05-2022,13-05-2022
529,11127,4,13,12-10-2022,24-10-2022,19-10-2022
537,11127,4,20,03-04-2022,15-04-2022,10-04-2022
528,11127,4,7,03-04-2022,15-04-2022,10-04-2022
529,11128,1,12,21-12-2022,02-01-2022,28-12-2022
228,11128,1,13,21-12-2022,02-01-2022,28-12-2022
537,11128,1,1,13-02-2022,25-02-2022,20-02-2022
528,11128,1,2,13-02-2022,25-02-2022,20-02-2022
478,11128,1,8,13-02-2022,25-02-2022,20-02-2022
477,11128,1,19,13-02-2022,25-02-2022,20-02-2022
222,11128,1,2,13-02-2022,25-02-2022,20-02-2022
313,11129,1,15,06-02-2021,18-02-2021,13-02-2021
363,11129,1,16,13-07-2022,25-07-2022,20-07-2022
537,11130,1,18,11-06-2022,23-06-2022,18-06-2022
480,11130,1,9,11-06-2022,23-06-2022,18-06-2022
478,11131,6,16,20-04-2022,02-05-2022,27-04-2022
225,11131,6,19,20-04-2022,02-05-2022,27-04-2022
477,11131,6,15,20-04-2022,02-05-2022,27-04-2022
537,11131,6,10,27-05-2022,08-06-2022,03-06-2022
485,11131,6,19,27-05-2022,08-06-2022,03-06-2022
528,11131,6,17,07-06-2022,19-06-2022,14-06-2022
535,11131,6,2,07-06-2022,19-06-2022,14-06-2022
530,11131,6,18,24-06-2022,06-07-2022,01-07-2022
231,11131,6,5,26-07-2022,07-08-2022,02-08-2022
361,11132,6,18,11-10-2022,23-10-2022,18-10-2022
528,11132,6,18,11-10-2022,23-10-2022,18-10-2022
537,11132,6,11,11-10-2022,23-10-2022,18-10-2022
485,11132,6,1,11-10-2022,23-10-2022,18-10-2022
478,11132,6,10,11-10-2022,23-10-2022,18-10-2022
477,11132,6,20,11-10-2022,23-10-2022,18-10-2022
537,11133,1,20,02-07-2022,14-07-2022,09-07-2022
485,11133,1,8,02-07-2022,14-07-2022,09-07-2022
478,11133,1,9,02-07-2022,14-07-2022,09-07-2022
477,11133,1,12,02-07-2022,14-07-2022,09-07-2022
346,11134,9,10,03-11-2021,15-11-2021,10-11-2021
589,11134,9,13,25-12-2022,06-01-2022,01-01-2022
570,11134,9,12,06-05-2022,18-05-2022,13-05-2022
355,11135,4,11,20-10-2022,01-11-2022,27-10-2022
478,11135,4,7,20-10-2022,01-11-2022,27-10-2022
477,11135,4,15,20-10-2022,01-11-2022,27-10-2022
359,11136,6,7,07-07-2022,19-07-2022,14-07-2022
485,11136,6,11,07-07-2022,19-07-2022,14-07-2022
472,11136,6,19,07-07-2022,19-07-2022,14-07-2022
537,11137,1,5,01-02-2022,13-02-2022,08-02-2022
480,11137,1,6,01-02-2022,13-02-2022,08-02-2022
486,11137,1,16,01-02-2022,13-02-2022,08-02-2022
529,11137,1,11,23-07-2022,04-08-2022,30-07-2022
480,11137,1,8,23-07-2022,04-08-2022,30-07-2022
529,11138,4,6,22-03-2022,03-04-2022,29-03-2022
222,11138,4,18,22-03-2022,03-04-2022,29-03-2022
537,11138,4,6,03-07-2022,15-07-2022,10-07-2022
528,11138,4,3,03-07-2022,15-07-2022,10-07-2022
225,11139,9,1,17-03-2022,29-03-2022,24-03-2022
231,11139,9,2,17-03-2022,29-03-2022,24-03-2022
535,11139,9,2,19-04-2022,01-05-2022,26-04-2022
528,11140,4,6,20-09-2022,02-10-2022,27-09-2022
537,11140,4,13,20-09-2022,02-10-2022,27-09-2022
529,11141,4,4,17-11-2022,29-11-2022,24-11-2022
222,11141,4,20,17-11-2022,29-11-2022,24-11-2022
537,11141,4,9,31-03-2022,12-04-2022,07-04-2022
528,11141,4,13,31-03-2022,12-04-2022,07-04-2022
214,11141,4,17,31-03-2022,12-04-2022,07-04-2022
480,11142,6,15,17-08-2022,29-08-2022,24-08-2022
528,11142,6,9,02-09-2022,14-09-2022,09-09-2022
536,11142,6,19,02-09-2022,14-09-2022,09-09-2022
214,11142,6,16,02-09-2022,14-09-2022,09-09-2022
217,11142,6,13,22-10-2022,03-11-2022,29-10-2022
465,11142,6,15,22-10-2022,03-11-2022,29-10-2022
541,11142,6,16,24-10-2022,05-11-2022,31-10-2022
479,11142,6,1,25-12-2022,06-01-2022,01-01-2022
477,11142,6,7,25-12-2022,06-01-2022,01-01-2022
487,11142,6,20,25-12-2022,06-01-2022,01-01-2022
539,11142,6,11,14-01-2022,26-01-2022,21-01-2022
529,11142,6,8,14-01-2022,26-01-2022,21-01-2022
222,11142,6,1,14-01-2022,26-01-2022,21-01-2022
530,11142,6,2,17-01-2022,29-01-2022,24-01-2022
214,11142,6,2,17-01-2022,29-01-2022,24-01-2022
490,11142,6,10,10-02-2022,22-02-2022,17-02-2022
530,11142,6,19,23-03-2022,04-04-2022,30-03-2022
463,11142,6,1,23-03-2022,04-04-2022,30-03-2022
234,11142,6,12,24-03-2022,05-04-2022,31-03-2022
535,11142,6,19,11-04-2022,23-04-2022,18-04-2022
528,11142,6,1,11-04-2022,23-04-2022,18-04-2022
222,11142,6,12,11-04-2022,23-04-2022,18-04-2022
475,11142,6,15,06-06-2022,18-06-2022,13-06-2022
463,11142,6,4,06-06-2022,18-06-2022,13-06-2022
529,11142,6,6,13-06-2022,25-06-2022,20-06-2022
472,11142,6,1,13-06-2022,25-06-2022,20-06-2022
538,11142,6,15,13-06-2022,25-06-2022,20-06-2022
529,11142,6,17,15-06-2022,27-06-2022,22-06-2022
539,11142,6,6,15-06-2022,27-06-2022,22-06-2022
480,11142,6,9,15-06-2022,27-06-2022,22-06-2022
483,11142,6,17,18-06-2022,30-06-2022,25-06-2022
537,11142,6,3,04-07-2022,16-07-2022,11-07-2022
528,11142,6,16,04-07-2022,16-07-2022,11-07-2022
214,11142,6,19,04-07-2022,16-07-2022,11-07-2022
529,11142,6,1,16-07-2022,28-07-2022,23-07-2022
217,11142,6,2,16-07-2022,28-07-2022,23-07-2022
537,11143,4,6,17-12-2022,29-12-2022,24-12-2022
528,11143,4,6,17-12-2022,29-12-2022,24-12-2022
480,11143,4,8,17-12-2022,29-12-2022,24-12-2022
529,11143,4,13,21-06-2022,03-07-2022,28-06-2022
480,11143,4,5,21-06-2022,03-07-2022,28-06-2022
363,11144,1,6,29-07-2022,10-08-2022,05-08-2022
487,11144,1,9,29-07-2022,10-08-2022,05-08-2022
237,11144,1,11,29-07-2022,10-08-2022,05-08-2022
363,11145,1,11,29-07-2022,10-08-2022,05-08-2022
478,11145,1,14,29-07-2022,10-08-2022,05-08-2022
477,11145,1,10,29-07-2022,10-08-2022,05-08-2022
535,11146,9,17,09-08-2022,21-08-2022,16-08-2022
528,11146,9,19,09-08-2022,21-08-2022,16-08-2022
477,11146,9,5,09-08-2022,21-08-2022,16-08-2022
478,11146,9,19,09-08-2022,21-08-2022,16-08-2022
225,11146,9,4,09-08-2022,21-08-2022,16-08-2022
489,11146,9,8,09-02-2022,21-02-2022,16-02-2022
528,11146,9,5,18-03-2022,30-03-2022,25-03-2022
351,11147,9,6,13-11-2021,25-11-2021,20-11-2021
355,11147,9,8,31-10-2022,12-11-2022,07-11-2022
485,11147,9,6,31-10-2022,12-11-2022,07-11-2022
214,11147,9,6,31-10-2022,12-11-2022,07-11-2022
561,11147,9,11,18-04-2022,30-04-2022,25-04-2022
217,11147,9,14,18-04-2022,30-04-2022,25-04-2022
465,11147,9,18,18-04-2022,30-04-2022,25-04-2022
489,11148,9,20,08-09-2022,20-09-2022,15-09-2022
528,11148,9,3,10-05-2022,22-05-2022,17-05-2022
535,11148,9,2,10-05-2022,22-05-2022,17-05-2022
480,11148,9,15,10-05-2022,22-05-2022,17-05-2022
528,11148,9,9,05-06-2022,17-06-2022,12-06-2022
214,11148,9,18,05-06-2022,17-06-2022,12-06-2022
528,11149,9,2,06-12-2022,18-12-2022,13-12-2022
480,11149,9,14,06-12-2022,18-12-2022,13-12-2022
535,11149,9,15,28-04-2022,10-05-2022,05-05-2022
225,11149,9,13,01-06-2022,13-06-2022,08-06-2022
535,11150,9,20,28-09-2022,10-10-2022,05-10-2022
528,11150,9,2,28-09-2022,10-10-2022,05-10-2022
214,11150,9,8,28-09-2022,10-10-2022,05-10-2022
467,11150,9,14,28-09-2022,10-10-2022,05-10-2022
489,11150,9,10,28-09-2022,10-10-2022,05-10-2022
528,11150,9,10,11-12-2022,23-12-2022,18-12-2022
217,11150,9,13,11-12-2022,23-12-2022,18-12-2022
225,11150,9,17,16-01-2022,28-01-2022,23-01-2022
349,11151,9,15,15-11-2021,27-11-2021,22-11-2021
363,11151,9,16,17-10-2022,29-10-2022,24-10-2022
485,11151,9,18,17-10-2022,29-10-2022,24-10-2022
480,11151,9,16,17-10-2022,29-10-2022,24-10-2022
561,11151,9,10,22-04-2022,04-05-2022,29-04-2022
225,11151,9,6,22-04-2022,04-05-2022,29-04-2022
361,11152,1,4,13-07-2022,25-07-2022,20-07-2022
471,11153,1,18,30-09-2022,12-10-2022,07-10-2022
529,11153,1,2,30-09-2022,12-10-2022,07-10-2022
537,11153,1,13,30-09-2022,12-10-2022,07-10-2022
528,11153,1,11,30-09-2022,12-10-2022,07-10-2022
480,11153,1,1,30-09-2022,12-10-2022,07-10-2022
355,11154,1,17,14-07-2022,26-07-2022,21-07-2022
353,11155,4,14,10-07-2022,22-07-2022,17-07-2022
359,11156,4,20,12-07-2022,24-07-2022,19-07-2022
528,11156,4,16,12-07-2022,24-07-2022,19-07-2022
